                          base,     502,    qsort64,                 qsort_u64,        304794,    26,         10
                   oramB64Z4L1,     502,    qsort64,                 qsort_u64,     358349226,    26,         10
                   oramB64Z4L1,     630,    qsort64,                 qsort_u64,     518364996,    c4,         10
                   oramB64Z4L1,     758,    qsort64,                 qsort_u64,     641172798,    78,         10
                   oramB64Z4L1,     886,    qsort64,                 qsort_u64,     783165582,    9f,         10
                          base,    1014,    qsort64,                 qsort_u64,        709454,    bf,         10
                   oramB64Z4L2,    1014,    qsort64,                 qsort_u64,    1236226202,    bf,         10
                   oramB64Z4L2,    1270,    qsort64,                 qsort_u64,    2109410226,    49,         10
                   oramB64Z4L2,    1526,    qsort64,                 qsort_u64,    3365197354,    35,         10
                   oramB64Z4L2,    1782,    qsort64,                 qsort_u64,    5015096848,    f5,         10
                          base,    2038,    qsort64,                 qsort_u64,       1682590,    16,         10
                   oramB64Z4L3,    2038,    qsort64,                 qsort_u64,    2874867894,    16,         10
                   oramB64Z4L3,    2550,    qsort64,                 qsort_u64,    4471876774,     d,         10
                   oramB64Z4L3,    3062,    qsort64,                 qsort_u64,    6023861788,    85,         10
                   oramB64Z4L3,    3574,    qsort64,                 qsort_u64,    7885866036,    9a,         10
                          base,    4086,    qsort64,                 qsort_u64,       3681338,    fb,         10
                   oramB64Z4L4,    4086,    qsort64,                 qsort_u64,    7235698830,    fb,         10
                   oramB64Z4L4,    5110,    qsort64,                 qsort_u64,   11299164918,    b1,         10
                   oramB64Z4L4,    6134,    qsort64,                 qsort_u64,   17663814450,    4b,         10
                   oramB64Z4L4,    7158,    qsort64,                 qsort_u64,   23087227622,    21,         10
                          base,    8182,    qsort64,                 qsort_u64,       8070370,    59,         10
                   oramB64Z4L5,    8182,    qsort64,                 qsort_u64,   18086252758,    59,         10
                   oramB64Z4L5,   10230,    qsort64,                 qsort_u64,   30161693604,    5e,         10
                   oramB64Z4L5,   12278,    qsort64,                 qsort_u64,   51735893664,    4e,         10
                   oramB64Z4L5,   14326,    qsort64,                 qsort_u64,   85716678764,    35,         10
                          base,   16374,    qsort64,                 qsort_u64,      16871830,    9f,         10
                          base,   32758,    qsort64,                 qsort_u64,      31890256,    e6,         10
                          base,   65526,    qsort64,                 qsort_u64,      49325966,    dd,         10
                          base,  131062,    qsort64,                 qsort_u64,      78082726,    cb,         10
                          base,  262134,    qsort64,                 qsort_u64,     132952700,    a7,         10
                          base,  524278,    qsort64,                 qsort_u64,     252305660,    5f,         10
                          base, 1048566,    qsort64,                 qsort_u64,     514321560,    cf,         10
                          base,     502,    qsort64,                 qsort_u64,        300610,    26,         10
             page6_oramB64Z4L1,     502,    qsort64,                 qsort_u64,       1313394,    26,         10
             page6_oramB64Z4L1,     630,    qsort64,                 qsort_u64,       1851840,    c4,         10
             page6_oramB64Z4L1,     758,    qsort64,                 qsort_u64,       2285530,    78,         10
             page6_oramB64Z4L1,     886,    qsort64,                 qsort_u64,       2762140,    9f,         10
                          base,    1014,    qsort64,                 qsort_u64,        745666,    bf,         10
             page6_oramB64Z4L2,    1014,    qsort64,                 qsort_u64,       3251988,    bf,         10
             page6_oramB64Z4L2,    1270,    qsort64,                 qsort_u64,       4460162,    49,         10
             page6_oramB64Z4L2,    1526,    qsort64,                 qsort_u64,       5552264,    35,         10
             page6_oramB64Z4L2,    1782,    qsort64,                 qsort_u64,       6872632,    f5,         10
                          base,    2038,    qsort64,                 qsort_u64,       1709872,    16,         10
             page6_oramB64Z4L3,    2038,    qsort64,                 qsort_u64,      36862210,    16,         10
             page6_oramB64Z4L3,    2550,    qsort64,                 qsort_u64,      47883152,     d,         10
             page6_oramB64Z4L3,    3062,    qsort64,                 qsort_u64,      57516288,    85,         10
             page6_oramB64Z4L3,    3574,    qsort64,                 qsort_u64,      51984468,    9a,         10
                          base,    4086,    qsort64,                 qsort_u64,       3728632,    fb,         10
             page6_oramB64Z4L4,    4086,    qsort64,                 qsort_u64,      68247334,    fb,         10
             page6_oramB64Z4L4,    5110,    qsort64,                 qsort_u64,     119020538,    b1,         10
             page6_oramB64Z4L4,    6134,    qsort64,                 qsort_u64,     133835392,    4b,         10
             page6_oramB64Z4L4,    7158,    qsort64,                 qsort_u64,     162776288,    21,         10
                          base,    8182,    qsort64,                 qsort_u64,       8069574,    59,         10
             page6_oramB64Z4L5,    8182,    qsort64,                 qsort_u64,     223313524,    59,         10
             page6_oramB64Z4L5,   10230,    qsort64,                 qsort_u64,     335107654,    5e,         10
             page6_oramB64Z4L5,   12278,    qsort64,                 qsort_u64,     460160294,    4e,         10
             page6_oramB64Z4L5,   14326,    qsort64,                 qsort_u64,     519953578,    35,         10
                          base,   16374,    qsort64,                 qsort_u64,      17352432,    9f,         10
             page6_oramB64Z4L6,   16374,    qsort64,                 qsort_u64,     672874956,    9f,         10
             page6_oramB64Z4L6,   20470,    qsort64,                 qsort_u64,     861593578,    cc,         10
             page6_oramB64Z4L6,   24566,    qsort64,                 qsort_u64,    1073049190,    17,         10
             page6_oramB64Z4L6,   28662,    qsort64,                 qsort_u64,    1350940408,    ae,         10
                          base,   32758,    qsort64,                 qsort_u64,      31397098,    e6,         10
             page6_oramB64Z4L7,   32758,    qsort64,                 qsort_u64,    1697276242,    e6,         10
             page6_oramB64Z4L7,   40950,    qsort64,                 qsort_u64,    2253086548,    ba,         10
             page6_oramB64Z4L7,   49142,    qsort64,                 qsort_u64,    2812473758,    23,         10
             page6_oramB64Z4L7,   57334,    qsort64,                 qsort_u64,    3382986754,    f6,         10
                          base,   65526,    qsort64,                 qsort_u64,      47599670,    dd,         10
             page6_oramB64Z4L8,   65526,    qsort64,                 qsort_u64,    4198438286,    dd,         10
             page6_oramB64Z4L8,   81910,    qsort64,                 qsort_u64,    5694364838,    8d,         10
             page6_oramB64Z4L8,   98294,    qsort64,                 qsort_u64,    7108215528,    d4,         10
             page6_oramB64Z4L8,  114678,    qsort64,                 qsort_u64,    8790221650,    11,         10
                          base,  131062,    qsort64,                 qsort_u64,      75620684,    cb,         10
             page6_oramB64Z4L9,  131062,    qsort64,                 qsort_u64,   10466771576,    cb,         10
             page6_oramB64Z4L9,  163830,    qsort64,                 qsort_u64,   13808073684,    c2,         10
             page6_oramB64Z4L9,  196598,    qsort64,                 qsort_u64,   18161939438,    b9,         10
             page6_oramB64Z4L9,  229366,    qsort64,                 qsort_u64,   21400826700,    b0,         10
                          base,  262134,    qsort64,                 qsort_u64,     133898082,    a7,         10
            page6_oramB64Z4L10,  262134,    qsort64,                 qsort_u64,   26147141936,    a7,         10
            page6_oramB64Z4L10,  327670,    qsort64,                 qsort_u64,   34636984912,    95,         10
            page6_oramB64Z4L10,  393206,    qsort64,                 qsort_u64,   41618354958,    83,         10
            page6_oramB64Z4L10,  458742,    qsort64,                 qsort_u64,   53047401650,    71,         10
                          base,  524278,    qsort64,                 qsort_u64,     252896702,    5f,         10
            page6_oramB64Z4L11,  524278,    qsort64,                 qsort_u64,   62951703378,    5f,         10
            page6_oramB64Z4L11,  655350,    qsort64,                 qsort_u64,   81617432590,    3b,         10
            page6_oramB64Z4L11,  786422,    qsort64,                 qsort_u64,  105500738010,    17,         10
            page6_oramB64Z4L11,  917494,    qsort64,                 qsort_u64,  125724238682,    f3,         10
                          base, 1048566,    qsort64,                 qsort_u64,     513387702,    cf,         10
            page6_oramB64Z4L12, 1048566,    qsort64,                 qsort_u64,  151670477738,    cf,         10
            page6_oramB64Z4L12, 1310710,    qsort64,                 qsort_u64,  202771815440,    87,         10
            page6_oramB64Z4L12, 1572854,    qsort64,                 qsort_u64,  258418473066,    3f,         10
            page6_oramB64Z4L12, 1834998,    qsort64,                 qsort_u64,  311884799096,    f7,         10
            page6_oramB64Z4L13, 2097142,    qsort64,                 qsort_u64,  382261916704,    af,         10
            page6_oramB64Z4L13, 2621430,    qsort64,                 qsort_u64,  516627428422,    1f,         10
            page6_oramB64Z4L13, 3145718,    qsort64,                 qsort_u64,  658374810268,    8f,         10
            page6_oramB64Z4L13, 3670006,    qsort64,                 qsort_u64,  812695758546,    ff,         10
./run-tests-oram.sh: line 60: unexpected EOF while looking for matching `"'
./run-tests-oram.sh: line 89: syntax error: unexpected end of file
